Claude 3.5 Sonnet (June 2024)_p50,Claude 3.5 Sonnet (Oct 2024)_p50,GPT 2_p50,GPT 3_p50,GPT 3.5_p50,Gemini 2.5 Pro (June 2025)_p50,O3_p50,O4 Mini_p50,anthropic/claude-3-5-haiku-20241022_p50
0.7210747007229786,0.18000798361371986,0.15298291797748462,0.11676802564431003,0.44760310098558054,1.133761738688444,1.158523615586264,1.0831682525709467,0.6797663778059893
0.859158048534407,0.15321334783839968,0.1106807771232277,0.11658383323045986,0.5119030996742594,1.2185768073394254,1.2081257409324708,1.1416964490840453,0.7678036647640121
0.8613239385266507,0.15686618375990002,0.11014924237447703,0.10407745439926276,0.45467911142864453,1.2304683399225496,1.3072951463552263,1.0608221166514713,0.633630139246839
0.7761335534571054,0.15968554641714594,0.07719998344024157,0.10284050761930179,0.3948739370218497,0.9645348965422482,1.0124723955035813,0.8592555610556053,0.6136562368352475
0.7050700536580101,0.15490548957774838,0.07563743623703098,0.11388107777126355,0.4061447455900449,1.0159757317973186,1.125593572938433,0.8514697727527155,0.5701407323167988
0.6128679047540053,0.15752783929288675,0.11874967082674186,0.10650165185298545,0.3536559376108629,0.8687211447707218,0.9809226281900785,0.8020070389232365,0.5538869401800176
0.7913456522245482,0.1808546950300445,0.12710671990011277,0.11111058043407311,0.43061197671867274,1.097627321182296,1.2348816435211616,1.0840877966321256,0.5806142825289416
0.6257443066867695,0.15547037361306537,0.10281216366710952,0.10071193504075804,0.339952054358268,0.794179674609993,0.9204323051665129,0.7325822956837372,0.5161407346849717
0.6950102323486994,0.14573043505077962,0.1138240227775727,0.10458120358276368,0.3706876195065399,0.8837867055845751,1.0712207089390289,0.935144362663829,0.6108980833468928
0.767061483241246,0.14120745635314721,0.1169289185401317,0.1095868455659795,0.4093064406132297,0.8828810826503863,1.0743499825130718,0.9176632147316531,0.5693389353749785
0.6709589122073817,0.16461127641592996,0.15891225839831707,0.10724630690115024,0.3930718576472943,0.982329089667227,1.0824212686643169,0.930641177258123,0.5744390385703702
0.7149122031919604,0.15273581880117015,0.09080767613189454,0.09705135112316382,0.3838784150141059,1.072038858669462,1.162124278702078,0.9939367979657062,0.6372443494165967
0.7884766702823923,0.1550233689953763,0.11727541451345626,0.10581673733310613,0.4046709727671756,1.0862442316315877,1.2437373739533517,1.0651066978646757,0.6137201992539585
0.9023513409396401,0.1843364197245048,0.1282903849018416,0.11281339503688298,0.41489496210341675,1.1655029115598665,1.3662656955370065,1.1169559285537511,0.7256419933761871
0.6977705684540707,0.16170081780930753,0.11253247436873691,0.1039304503412716,0.42198543198148875,1.0279274112617172,1.1527082702631404,0.933563091868026,0.5825553647373151
0.6849277895918706,0.15619693286670416,0.08723639097127843,0.10754128400744703,0.3540226467456964,1.0647743145275461,1.0465649722887778,0.9661172503672135,0.6091118739342268
0.7995036347936427,0.1626053070953126,0.09359870850529815,0.10668279735217352,0.47139596813640344,1.0646350684214099,1.1687244510980632,0.9658605700165674,0.6300188713003353
0.680678073665509,0.1812997361553992,0.08232102537362135,0.10610832586406499,0.3443358566554289,0.9455018137164981,0.8469293797636948,0.742135432515948,0.5355321353152288
0.6081038343276608,0.1214157603384413,0.13797091087099,0.09408954626196064,0.34254786708585017,0.7930094676425323,0.8769151663218806,0.7580579702780871,0.5256837242614243
0.7126246045547716,0.16496987886965478,0.14811819022340217,0.10188124346597152,0.4141573858912185,1.0150467601691728,1.1374617462939838,0.8819782810999036,0.6100176642384714
0.675261493757764,0.11315304473938056,0.08793890430418935,0.0921594354520701,0.370258530367335,0.9770611221900358,1.0375663153395085,0.87639611830976,0.5882581737940693
0.6921245654329189,0.13823914968364967,0.1361190932990759,0.10312446884822865,0.4081879508453469,1.0466084191929128,1.0342140726195914,0.8719118469406725,0.563806555329937
0.6178972273549695,0.13536561208028808,0.1168311548529193,0.10129980805508092,0.37306310382686725,0.8437474702486255,0.9782484445413705,0.8423451393914416,0.540383004411842
0.7932538120801159,0.15170207296455718,0.13399224744712837,0.10484669707459211,0.45395707495538745,1.1488541197784,1.360316470538012,1.1172521455246687,0.7125153618949478
0.6372682527958717,0.1422138812163015,0.10092243986364276,0.10326651461586346,0.3459133101065407,0.8030672572570735,0.9528664274136547,0.6890967108534582,0.5391216225088158
0.6753657080423807,0.13483279684294713,0.09895634028119206,0.10339085546545969,0.3862342596301026,0.9787875549968794,0.9772849447001055,0.8521741581526984,0.5314673328701253
0.856585766923114,0.162178085162594,0.09494904243549923,0.10972658100556795,0.41594815743333163,1.2604221376756928,1.1307853286260017,0.932695779732934,0.6321052785450331
0.7696941403783745,0.14489657669891048,0.08365650747029454,0.1005724292869804,0.39823636268030027,1.081039950744158,1.2822846171232918,1.0571305507124944,0.5923374585656674
0.6869253086161201,0.17319507888641789,0.10265058982660427,0.10747025853101123,0.43457692455267727,1.0628123191850618,1.071597187211035,0.8936901798102321,0.5950162515971807
0.576066471512212,0.13147744504464437,0.08292421417008299,0.09873634206437296,0.3454998531439786,0.7919109415814777,0.852691775730911,0.8483639687219988,0.47125431431280057
0.7751284093683443,0.14853350873742577,0.15463106898779924,0.09758264535285834,0.362669641622485,1.2508638517201032,1.0773662219561209,1.0031555058082307,0.6243546887719917
0.6977963179318313,0.1501674507106031,0.07205160235634676,0.10171912249465793,0.3824396477407055,0.8620215280212666,0.9864753715043868,0.8450618740148289,0.5722584511069749
0.764162995787115,0.14803123379546587,0.1107870739693216,0.09008687061352758,0.3854392988667754,1.0602940156093448,1.2714100693682577,1.0803594808705885,0.593418182273224
0.6026480891716058,0.13462897557169384,0.10376383639195053,0.09243735661180516,0.32854674728403344,0.9598350662002527,0.9130001480411042,0.7892728073086416,0.4982739909384699
0.7492406224036863,0.13984571072869184,0.13486948089312986,0.10535880630210101,0.3958310670875776,1.2257504910792167,1.0781128847159844,1.0150735815931011,0.5937430514401536
0.6980055060350802,0.1625579015888901,0.07201551686702327,0.10918360156663577,0.424503329703297,0.9985978048819074,1.124448154884692,0.9333296437156472,0.6021392174576445
0.8263168392101226,0.16025038138417796,0.15778006235707429,0.10608736794289389,0.4372887096159368,1.084983721256919,1.3728079012906873,1.069463341298642,0.6466370286512038
0.6321088215908379,0.14628043761589177,0.09224114921077789,0.09982068375537641,0.36128248974227767,0.8588785855942431,1.0538020235390997,0.7851518949151994,0.5272209702087564
0.6739669881718697,0.15506146687593084,0.09941301713218333,0.11285829412350269,0.4409769114880163,0.8818254994493131,1.0466317702157288,1.0153231448078155,0.5694113196030807
0.6683440769564227,0.1461392612405434,0.07515962302929408,0.10020021548900028,0.406415679319358,0.9015379173366699,0.8991953216866585,0.8692382719009614,0.5405492703910592
0.6351230786531245,0.14547940952450522,0.07494987743379414,0.10106773349497973,0.3545697171854289,0.7976204554744786,1.0322689894674801,0.7480431911647999,0.5237806542955629
0.6540053934491901,0.14719475257579867,0.1365313798262143,0.1018845567852465,0.34302172482914,1.1358148667969719,0.9556236779447504,0.8427030501285708,0.5558339144007086
0.7831257020327679,0.16019414266555568,0.08697996385708122,0.1031181392645363,0.38535947656777775,1.0765279118800737,1.2797044663617165,0.9828565577829296,0.6329998271941436
0.6105625974048997,0.1273057167404376,0.08793783208968875,0.08699693751030994,0.3650774470724133,0.9754079821793399,1.0674615954967697,0.9063967095110245,0.5131732235737633
0.7168126225689652,0.1552771656672829,0.09597718998499445,0.10395432102099432,0.4289131900252893,1.0423891684205355,1.0164390619919081,0.9236984774897186,0.6403725992550008
0.5932902558368172,0.148192215328052,0.12947251309540322,0.09661930861208767,0.3549683616375888,0.8354159588088477,0.9731253857273838,0.7486500635588238,0.5305050611745464
0.7131381034871798,0.1705186039497064,0.09259883739866447,0.12261386130067714,0.39315106893282603,0.974881078789419,1.2787255639659896,0.8925056249273208,0.5651056328380427
0.8122643667768473,0.16094816071009163,0.0891250348275484,0.10933633911997143,0.46057542467447216,1.0871939881757002,1.3030150334826893,0.9659407353330396,0.6438415892681285
0.7653548458386227,0.14360509810575617,0.11116669706843009,0.0985588566222049,0.390024572639315,1.0698222645561177,1.0766711147582806,1.018502887123159,0.6148419812997694
0.7289567049179421,0.14057502140496508,0.10954152168308687,0.1051768825896783,0.3889641679377972,1.0270463309863904,1.198019752582363,1.0192983458189862,0.6472664372914565
0.7503173126118958,0.17207869015805574,0.08890377086578316,0.12191956258377815,0.42495615508256007,1.0342565062837763,1.15714652132205,0.991571444058364,0.6248902202533247
0.7080060498836473,0.163274006214407,0.09693624590501426,0.1010285325381297,0.38831821994003174,0.9547573111855949,0.9336059964636694,0.9386902137696893,0.5620985966202916
0.7898206425837058,0.19009607601825185,0.08769184088587893,0.1135310665335964,0.4435884698435083,1.3488936342836797,1.2722803364202808,1.027495351808128,0.5920487945262134
0.7268440529510728,0.16625928230243125,0.2100664889928563,0.1121094742995249,0.3979564385681781,0.9539339863539837,1.2082748484379624,0.825912689704001,0.5834162613584584
0.6751108835144328,0.15782268636591798,0.08010811937358576,0.10397922869691816,0.3514809162156764,0.9818001912363065,1.0087556013705055,0.7916714132453805,0.5914147553029468
0.7157830646148452,0.1410505549283665,0.11178913356006911,0.09366257907531056,0.35176734501841994,1.0665906394878777,1.1045574876078619,0.9629026702760496,0.5715302796380637
0.6924348913606097,0.1452321129599443,0.09869810380436346,0.09310476921696144,0.3730913218767417,1.0337795308403623,1.0855950369361724,0.8623864673827291,0.5714565930505261
0.5844961925980685,0.1443442023088437,0.10200327353597342,0.10018216592626418,0.362554749711121,0.8842416016767259,0.8591084884916369,0.7620455091145965,0.5542884181667825
0.7309819950099742,0.14790654286987195,0.09679307084672958,0.09812836756527496,0.4011960942298391,1.1138286184125321,1.2387499800400779,0.9901431712056408,0.628575821083287
0.6416842148750402,0.1861559592925268,0.13407549286276094,0.10997237112062999,0.3543219671944127,0.947087598722827,1.036089931609994,0.8204763591343366,0.576970424973732
0.6535306970292851,0.1657635494673906,0.11353973892591458,0.10759294297594353,0.40543135309378336,0.9309125244118881,1.092071283236433,0.8879472753877472,0.5630382481784699
0.6672008062779035,0.16347674159841272,0.08812557550728506,0.09845333528605152,0.3550377416227967,0.9368090687000733,1.1860403852010706,0.9056853122702425,0.583489764081835
0.6766827775015883,0.1373749348856714,0.0830934598651348,0.09189575530274066,0.3891295467165822,0.9982408783575073,1.0335806159085281,0.8888331479105825,0.5760324146265741
0.7234114457393999,0.14790853187348849,0.11248064675554939,0.10503327552091665,0.3657296182877287,0.9665084971126174,1.0244728748639471,0.8838577535137802,0.5779589966657624
0.8661798576753662,0.18443604865116262,0.1282084719846304,0.10488891455680481,0.43254058439148735,1.4067963667608911,1.441928393262607,1.104185499030129,0.7000174464508585
0.7562484940427768,0.1641401618162874,0.07435234296952678,0.11217854627946952,0.41714864914432154,1.0554810627450344,1.0481294571174837,0.9432040489584536,0.6234584964343441
0.6626538242311464,0.15608179051562726,0.1019376112579608,0.1031432237120618,0.37391662328266195,0.8694562915933299,1.0333088376867516,0.8375293431710512,0.5350788449577316
0.6822977991917701,0.1555488537388885,0.13489331784612058,0.09805422944598546,0.3620204644382524,0.921150873209129,1.0313474398303404,0.9280642738016653,0.5519058976304235
0.6289272273737855,0.14308628687667344,0.08029383780276993,0.09761242685132931,0.35087420399604696,0.8725156662814088,0.9041022035899524,0.7734471925588845,0.49987907761241684
0.7200602095715669,0.167275202749645,0.110344391620905,0.10092851556035981,0.37961619491476645,0.962175946632897,1.0904395431347735,0.903582029435515,0.5758714840645945
0.7718773450220568,0.1521769228067025,0.1109991449839231,0.10878795320384825,0.4518227051914048,1.1095354704195917,1.4833297436261315,1.0216573476517004,0.6611682587115276
0.6662048762738111,0.14857997131695821,0.12762289464442503,0.10143728381946039,0.3623411161126268,0.942825475391559,1.1143859907543192,0.8187992451581024,0.5557952252780469
0.5350332620967475,0.11649422704360399,0.08441823246488682,0.08595735342957128,0.3054928959206283,0.6740038142589583,0.7704316131606127,0.6510782397426993,0.45668778907508584
0.6535573743068367,0.16270988394702848,0.08559022334245994,0.1014237651114015,0.37750566460979923,1.0457936128515872,1.196365852263007,0.8266355436217389,0.5651136663319952
0.6741431525146979,0.15785380714490316,0.08210484963908593,0.10334608964012297,0.40921457149760415,1.0750192430763463,1.1426665414475357,0.931069218930731,0.5854473819799685
0.7035485832885986,0.13992890562108634,0.1237422600091225,0.09700566217723737,0.403308829587141,0.9770863243223585,1.068621644292828,0.9404141365473203,0.5616526824567091
0.5266821712677731,0.1477822064251817,0.07109732606686431,0.10047924235835594,0.3262842619187205,0.7456007235939789,0.7194686641265149,0.6889124498600568,0.41827330486675063
0.8091346111068876,0.1574112359265321,0.10288678088989406,0.10502992857173453,0.4128503328548775,1.1478114534628143,1.190182791302245,0.9558582034486401,0.6092572172582791
0.7896718204117831,0.15214842234800371,0.09810804655511235,0.10112381537177631,0.4352974772193597,0.9592728023853601,1.3542873281772065,0.9627625447847717,0.6083275749085106
0.6529355903886815,0.1440629235524627,0.10074921798533656,0.09940833334607317,0.3374167943874821,0.8669951174805135,0.8597725483287197,0.8511518124190938,0.49089527039104575
0.6926767985258278,0.16582034760022288,0.11120082504845927,0.10109330652118736,0.3799601188828971,0.9888409633352675,1.1088064531964963,0.8818050688761322,0.5509612681170413
0.7469015294127805,0.15371052138835364,0.07013000017817506,0.09701259896545351,0.40736247514603524,1.12537285920328,1.2166801165941745,0.9122435298065187,0.6077547992540263
0.7296630771162026,0.15887401148366745,0.08305995308230377,0.0973806944279815,0.36232612884732596,1.1114213023038502,1.209266320358569,0.9095809092737757,0.5682867751409761
0.7861404421454218,0.1804072032170001,0.08586673713884134,0.11770968407366013,0.4324015356846616,1.2371789982925636,1.1772460924494341,0.9683943238263635,0.6376919271865326
0.8482410889858909,0.1625736963897343,0.12214580269962179,0.11808130415586172,0.4152948414767275,1.1092498867843272,1.1333340467895414,0.8694092775735475,0.6602026951966592
0.6228913472467962,0.15113284067439284,0.10451536559434386,0.11356616274044344,0.36170681221731127,0.9876503992893966,0.9329724837891176,0.8688042464316182,0.5036745879181806
0.6465149674749466,0.11810884640477173,0.08534908862482862,0.0818855332852675,0.3475571764694839,0.9429185465975666,1.0050627945338015,0.8672608944075011,0.6110409709618505
0.6004956207054579,0.14547749565844054,0.10157534869264628,0.0889773250749429,0.33249552568938145,0.9155715446613544,0.9553615757438156,0.7232228949317445,0.4905536943737937
0.6268773124277512,0.14748791831845998,0.09002336030077258,0.0979922076201611,0.349805147257854,0.9898153958439347,1.0547495086278742,0.9150561121845865,0.5039043422226703
0.7167178792628369,0.15424655873618892,0.07370900845039041,0.09811655528264597,0.3878596371859077,1.0502940494412967,1.0649501335863598,0.8960598000348903,0.5780308310991256
0.6961619727513724,0.13686096211412696,0.10142303474712747,0.09114524289493432,0.36227532824445347,1.0260563224635673,0.9846515281187438,1.0211331544883537,0.5859320538247799
0.6267529191181967,0.15199270622469485,0.10041715166820427,0.10696287006895486,0.35332422403013997,0.8374375657218771,0.9795689479215581,0.8202721869260675,0.5522850389840034
0.730722008705263,0.16255213251613876,0.08517947856839579,0.10754424046406667,0.4089503142085663,0.99491550919641,1.1131794227120573,0.9674937119181463,0.6156592694989781
0.7416536421055632,0.16951217858460305,0.10551485442184759,0.11973556561038995,0.4355657778797056,0.9729950182680394,1.1044989380916104,0.9259727518605437,0.6383834838354613
0.7164314248890473,0.1495211391782323,0.1053827970470787,0.10055979621764345,0.3915936723397208,1.0400022567492928,1.0813925107124152,0.9917579946164399,0.6669439165064591
0.8177533045098906,0.16108323993607673,0.13626913439288485,0.10948361721374024,0.43508743235037706,1.1626929698452457,1.2259715444595531,1.0390788904971087,0.6454071984282701
0.6586051335894697,0.11973014796947368,0.09911181967949258,0.0857150124503352,0.37586768746927834,0.9635274513584112,1.0479044533665742,0.8387261822331438,0.5800799193192966
0.6517581109349545,0.15883484591835478,0.0780219000405209,0.09947413992236225,0.3793652858557552,0.945793068975821,0.9935795786790023,0.8521636142841045,0.5276787400839832
0.639630595495463,0.139681534098464,0.08367561022878975,0.09355069838141893,0.37171645214507437,0.9576786928752736,1.0345830549820751,0.8633336617830875,0.5360258751737861
0.7296359681761833,0.13012858015166054,0.07631569748795487,0.08849305603864065,0.34828337925606645,0.9706311504341558,1.1351031415172599,0.9256156552189775,0.6103206912830582
0.6094695189701022,0.1374916587205618,0.10055784610819712,0.09941008594953638,0.31819664708721895,0.8572120975308037,0.9342682192681249,0.8348929463516808,0.48352405002903354
0.6053473932692902,0.13169866687985476,0.18230256869924588,0.1054829358235027,0.3520449990074469,0.7928578069068654,0.8377539539348929,0.7316398690319913,0.5098710946366333
0.6181262670821224,0.14977839770957216,0.09184107941373042,0.09301150446034398,0.338224198402481,0.8217948099837016,0.8917799613522793,0.8307717920206275,0.5122662737680664
0.6484827581001779,0.1565907312969828,0.10181126186430997,0.10754040764941271,0.36577163321149064,0.9737370182376862,1.049347846638727,0.9681482952940492,0.5373085202784939
0.7047028906454246,0.13271078633231292,0.1141130352684622,0.09685106403906947,0.3851191251194002,0.9921898210409679,1.1637400640834419,0.9199355251442842,0.6100657859298207
0.6800358726785382,0.14616786742138518,0.10334934761694506,0.10075275834123304,0.3819578677224561,0.9300594757306724,0.9834607492413161,0.8216447524074972,0.5582379651004273
0.627705904533736,0.14858165078477936,0.09380633261279622,0.09785045259761414,0.345471679978605,0.8371767164743696,1.0425215915485542,0.8147036317982165,0.5162740780984889
0.6963932030045503,0.13487422142044408,0.10544405780438147,0.09068716728474524,0.340814820061225,0.9173372069157171,0.9588393566237237,0.8703168595823344,0.5944916555989326
0.719737028755502,0.15291415920866547,0.09212586706071216,0.09523664845471405,0.41211794646402194,1.0904449273165868,1.0245374003612269,1.0192989712226257,0.5689140270316578
0.6626774833771433,0.15024570385843714,0.10792794295849759,0.09846065881806268,0.381275769970161,1.1124586952614948,1.0831701243956415,0.8686471462841292,0.5815298309654356
0.7210967674720956,0.15364355876848368,0.1541077144409606,0.09879534920783224,0.3909419420828465,0.9989134022843581,1.1015411959844166,0.9355028901026622,0.5457524716368419
0.6551961731063162,0.161816687921133,0.07906925995047355,0.10405649643133849,0.3701953319749096,1.0032041109702714,0.9980265757839923,0.8638425970503066,0.5433455513816389
0.8237833969735665,0.14142931093456532,0.11731871785657781,0.09722784899675554,0.42325076664853034,1.2736068043465516,1.1919203027358338,0.9991997771267397,0.5745022102015442
0.8300852940113895,0.1417669583521974,0.1851468044157681,0.10695612113929268,0.4428764105619481,1.150772481834181,1.3225506626833534,1.0766752782647702,0.6963615074174252
0.639412786041307,0.14992301793865212,0.06204731341624494,0.09713431626549769,0.34943248039211633,1.0151668281935984,1.119900488759329,0.8106829818633999,0.5137880305807667
0.6447553252230853,0.15511187996401132,0.10165047935964966,0.1011922662379105,0.33231199810808,0.8980620434160145,1.0202280140189322,0.8352518597724021,0.5455493718488283
0.736718578177227,0.15870400887836403,0.12218480662821488,0.11142028712863135,0.4399091166099639,1.108109687687747,1.1397043701741107,1.0552043111292022,0.593081006529047
0.6645797781293731,0.16124138918244127,0.1060735055729886,0.10675928289778369,0.3787512944891432,0.8670985630436944,1.0070119245510523,0.7799054034563383,0.5778872591122419
0.6851965902245972,0.14975051069961198,0.09996723880363705,0.0989314781693818,0.3752254365287493,1.0564382365839087,1.172425662468078,0.8729679983352621,0.5713677621165157
0.5925605470062398,0.1458272761125749,0.12452495530695017,0.10049060742457763,0.3823305994706038,0.7999210189957966,0.9662670545366553,0.9066819973980805,0.5449969480303366
0.7654946156582835,0.14534152853203236,0.1211844929092206,0.10093760994363712,0.4050405663854925,1.1499636794908863,1.1975161217437884,0.978392056223592,0.5885090743811251
0.7827131307514402,0.17019358299366638,0.11550364086939868,0.11297884421017344,0.4087105023598231,1.04974025210834,1.0145092397325028,0.9797792033616927,0.6303212923138999
0.6947879920911284,0.1393757517758477,0.10665712055980084,0.10200752472257592,0.4123537667420044,0.9982323347623916,1.179810392831197,0.8768513584733933,0.599934264973103
0.661434697331374,0.15909277755213053,0.0848693564728246,0.10155533974569295,0.34352781326683346,0.8602653514009807,1.0763286861067216,0.7737821804131546,0.549506067889761
0.7602218597583406,0.17234082907371887,0.10040214713234258,0.10675066969633999,0.39187133529517,1.151774737004308,1.0453262925466267,1.0030913560667343,0.59576041894926
0.7680811903591254,0.13088861873319615,0.09368230873737877,0.10805727094466512,0.38658006748169227,0.9066878378177421,1.1476065039687162,0.9609750232866323,0.5923798817913722
0.7265023813786955,0.15114790820199445,0.1178614641759347,0.10102787458267781,0.3595703443873478,0.8931483624549358,1.0276521091273514,0.8937624121238565,0.6151775480261165
0.714152729227933,0.1497543680007475,0.1172757880729119,0.09145274583544041,0.3786178598673118,0.9958548667407477,0.9315183615223445,0.9323591962095226,0.5621005957821892
0.7213452690651655,0.15199142569638274,0.08208212649931206,0.10179353760287609,0.41301042423130935,1.0352804044298292,1.0995761271533464,0.9803626600105868,0.6248945278029124
0.6119148939099198,0.14553156623113006,0.08526805590858758,0.09838188746580692,0.36165830688980866,0.918703212046987,0.9723870331852043,0.8278120816429668,0.5519665549758332
0.6210717124467524,0.12735716951586995,0.08388981768269572,0.09123320175781355,0.3320573149061176,0.9569501791695313,0.8361875532324626,0.7794460442510253,0.5274469318144068
0.6188272725126943,0.1565425901713934,0.07824797959361297,0.09782269738638597,0.3416151552588375,0.8466278109620109,0.8482692667927246,0.747469542489948,0.5412908795372559
0.8232933793967511,0.15639208833044604,0.12766287271354892,0.10740270202724138,0.4082765579901605,1.2428079995413674,1.1894838226546618,1.007721828836321,0.6415315167658674
0.8026497833208872,0.17124387980213654,0.07448074159804495,0.11242718972665144,0.4409566149382477,1.179294108228796,1.1196051681823882,1.128240987112616,0.7133263824254908
0.7126597338854286,0.17063537799199516,0.07958186838287101,0.10321231016477476,0.3903875663762484,1.0221339897481223,1.0587260213446317,0.8332808616543962,0.6181404311421067
0.6715494178533881,0.1435634438442041,0.12096731205139422,0.09353091879386483,0.34985812657980997,0.897706373118077,0.9673218882020158,0.7626557797584885,0.5147152568453206
0.6784009812791378,0.14545031664909303,0.11427155346937908,0.0924211357697711,0.37044710205425246,1.0370059924862787,1.062434498134103,0.7973452388934957,0.6363241927317452
0.8028984285835402,0.1696704388770693,0.12204599396127244,0.10029809227369006,0.4611527749666552,1.09426052918838,1.2128221001906616,1.0261943758212697,0.618938297147572
0.6731125596657691,0.12171217968192907,0.13419853809858565,0.0944173174847971,0.3948075356695085,1.015389144628491,1.05852817063448,0.8939603309457792,0.5549335160406462
0.686130028688425,0.1667369057971712,0.08769710351882581,0.10645198513047002,0.3833911106032014,1.096081862190034,1.3223665817724968,0.8990065760924273,0.5343494248892788
0.6425205942333523,0.1540117655951624,0.09055179751607562,0.10812704268266697,0.3865502566339003,0.9325991338083968,1.0097962291186209,0.7410922231896906,0.5335854327560938
0.5845324978891238,0.15787108435031935,0.07570653773413082,0.10288386662836373,0.35494803994473667,0.863317273991552,0.8423963361273391,0.8099103031293794,0.4828473476759996
0.7019442039586353,0.16535886521959994,0.09257519403661016,0.09840071073707403,0.39905280555093964,1.1142209175329425,1.272523858237211,1.0166795134363376,0.6596928981859553
0.6505542228990052,0.17067018535822884,0.0994551601398755,0.10451888325206903,0.33488693115199686,0.7631326848439115,0.9397899816167847,0.7312884886362363,0.5314323909736434
0.7024646381319803,0.14738819002205958,0.09836880332635892,0.10696575999625589,0.39771432838288606,1.0401678926433913,1.0387118189755156,0.8463917486775386,0.5293575920632757
0.7013357757719781,0.14796297770092132,0.11301985824990897,0.09776865722856443,0.4207777537373384,1.1279749728346875,1.0580036176842924,0.9922506878751791,0.588413027637077
0.652209006716159,0.1486820332437519,0.0918090871777902,0.08748179259383805,0.3452283725890469,0.8679612095558286,0.9238544401349157,0.8405950161664444,0.5379490491458785
0.7351807753852627,0.15628989629964088,0.08319146667928233,0.09852295547891277,0.38439808154660227,1.1208738852917257,1.0715611481524303,0.9774887540706695,0.5854918512039052
0.6548229665908811,0.15003720921610833,0.1363638485065221,0.10779591621461194,0.3794872883278013,0.955316820732395,0.9855006149052968,0.8417215609354181,0.6041668931807612
0.7889323260678555,0.13552446520184994,0.11555297139212875,0.10028978240226971,0.4313131511775296,1.1544800417155971,1.2355451911067084,0.9931559754760384,0.6640230932971627
0.7298323679610864,0.155448282809787,0.10013339420267817,0.09293135434029252,0.3878789187174233,0.9393343330073606,0.9307994404390058,0.8984262725663567,0.6243204311038335
0.6656973175186238,0.1809755991481143,0.08026327762351389,0.11405610502576133,0.40821723048425174,0.9701897443996155,0.9452595284943361,0.8393318613707322,0.5563663050007243
0.6576641845865957,0.13448619547709328,0.12030403389857125,0.09590863261169781,0.37083924301814136,0.926330421157978,1.0391437964579542,0.8609698175677515,0.5377368117242337
0.8067506120701967,0.1518157736060635,0.08206241922821031,0.09621701954786754,0.4179077241046249,1.162433703464921,1.2135402420856376,1.0617458082521676,0.6300584760901993
0.6028494746943217,0.129158856167928,0.07208526799515261,0.08576694138781406,0.3241236593388825,0.878612747788154,0.9774041651272691,0.8292466714339172,0.5032864816509196
0.6906225557567274,0.1433194304111056,0.09570440936663187,0.10643879186631526,0.3891813533723667,1.0512457595760214,1.310027664210293,0.9786580110998379,0.5735183310737005
0.6463531193221695,0.14080190936223327,0.11574300483423788,0.09800406791608711,0.4134841148380323,0.95371635516457,0.9672325692419078,0.8327917467718519,0.5509436547494556
0.6525675892737732,0.1280078419500131,0.09056335792557246,0.09386533766824454,0.3689832261464804,0.9695615032903648,1.1296067066704785,0.8935245167861694,0.5660015313805916
0.7206500491677099,0.14218146893730488,0.1182292252226056,0.10376400398205386,0.4170096936501021,1.1478276256293192,1.230285908249478,0.9081931241979706,0.6020541500409159
0.678406563995959,0.15624421424751828,0.10611496066001413,0.10414169362116425,0.4049743135901817,0.8627494460034784,0.9978115445114126,0.8987746301914737,0.5643832131331271
0.7356573945065331,0.14668400252035896,0.08559547853956873,0.10362448262913934,0.3890357695078033,1.001410373949559,1.0367527493086315,1.0210471199566955,0.5949701527484473
0.7431106314940159,0.13867804368111325,0.11870682851529574,0.09508594516965523,0.3848811962033868,0.9915392706221353,1.0995862989439482,0.8930077669137327,0.5610931338395206
0.748348938175509,0.1317304662426591,0.07930942518042354,0.08842267393217566,0.3545930515179134,1.0452442093914345,0.9650355348100683,0.8492910124383217,0.5917291929578689
0.6130690493948958,0.1354993452019,0.08379434513841748,0.09780655821351115,0.355133465707992,0.8772386049086683,0.8609644515854679,0.7507814794040194,0.5064113301682155
0.7620336070428553,0.1652193210505861,0.1573798778284261,0.10922400915400353,0.4158291926340236,1.159239780215925,1.2415697953007492,0.9266461430342928,0.6569780687351964
0.8081386061979482,0.16209993897565986,0.19752749331202682,0.11335130448555353,0.43297386736751814,1.1007821046500201,1.1957523525722737,0.9770949164632796,0.6737368727680895
0.7506169166571717,0.16447277324311138,0.09493753787129955,0.10212023507234826,0.37476134704791625,0.9367743525774005,1.1108392650946692,0.9370616412800876,0.5792409982284298
0.8543605444210773,0.15785464288800324,0.12866784131489475,0.10816427448630889,0.4412459726808605,1.1318675721842062,1.263502805936345,0.9974169992653975,0.6169829973379299
0.6968193844901106,0.14293428410075307,0.10870293845460598,0.10382180815197295,0.4364209229940473,0.90112078588059,1.065643283236135,0.8704926384462226,0.5760650336597181
0.724017543988557,0.15748523157548605,0.11861842631187028,0.10211325235706815,0.4041528341558035,1.0781451623689111,1.0939819553085641,0.9078519658236034,0.6534344244766356
0.9268760880560181,0.1451745137345196,0.12781510925607129,0.09143168365863719,0.41247830734437735,1.4541348875454625,1.529012664233056,1.3582708378277226,0.7453614176529257
0.8379483594878431,0.16598399900592703,0.08915684274129738,0.10243043187288839,0.4282781146316969,1.1914752250323206,1.1611481090495812,0.9671187571842099,0.7124287228973673
0.7863336717460665,0.13839002438332798,0.16304531762086702,0.09376518312794593,0.42794033704994094,1.2219704873698796,1.2700219337461447,0.9181821493985931,0.6181794615749644
0.667154944054536,0.1434205362469773,0.07681502191903739,0.09745362802940932,0.36877061974446956,0.9719275048502973,1.0662296886267977,0.8076039900175344,0.5933122542211254
0.7288866916713548,0.1547985523903289,0.12148268918192942,0.1033204586518891,0.3994556468141088,0.9806971743410052,1.2102111028638218,0.8979205072930301,0.5702619007606828
0.7035498844239135,0.14437905580631974,0.10833894844557598,0.10183581039409174,0.4727256639818787,0.9783093540987694,1.1211657444528969,0.9440231006333106,0.5974021932639788
0.9187423651814465,0.15183120447666965,0.10009622526376613,0.1070995926872517,0.4606194977321032,1.3351537313175195,1.3787724980197755,1.0284398250520694,0.682230472347122
0.6985303983915869,0.13048969408308025,0.10034157447249477,0.09281396305417687,0.3639379230143967,0.960868173029987,0.9962942892910595,0.8609702211463548,0.5578684918764616
0.6340530871498287,0.1412935239978021,0.07988276081822428,0.10133447011508416,0.3504747123518786,0.810933170591959,0.8956816653627201,0.7786095045371724,0.5530381263960709
0.6054425952798157,0.13797931539991798,0.09031413946049109,0.09210507064079748,0.3340343240782621,0.8956286906435837,0.9632646811155615,0.7736088088619969,0.48665786988168536
0.6664663194776107,0.12051811258532528,0.11209132358634617,0.08907861808926858,0.3264397346532254,0.8823866458106876,1.0929520308585057,0.8335311434684618,0.5381582712792675
0.8550807484650432,0.16387439064454884,0.1240841187171159,0.09778642501180844,0.4368422126223419,1.474412597060679,1.3309322308274416,1.1226160760363337,0.6267970195631517
0.6656741925598266,0.15428550313779948,0.10203131234524958,0.1072660981699262,0.37994863085668357,0.9532503398854469,1.0810002891127262,0.849669207655553,0.5349931210619161
0.8404856851541311,0.143653248569525,0.14282334753440637,0.09620636440419643,0.41223246503425276,1.1253720180416835,1.3906341950599814,0.9116623928054922,0.5823777279370203
0.6816174235225342,0.13095101722358476,0.07768575655454453,0.09030843765356017,0.3633033903054782,0.943165316602254,1.0173166267171732,0.820432740866364,0.6216762462627492
0.8041636720979304,0.16636547724483378,0.08755033011941656,0.10300763856865358,0.43589545505535937,1.152419661244812,1.2660139581195822,1.0235116040721477,0.662477935970582
0.7112351238084729,0.15680120971015551,0.12886617651744334,0.10858380195915057,0.3994524921775405,0.9218049036551788,1.0405130070031094,0.8894501414712059,0.5404373827419352
0.6686125392969187,0.14945906868629616,0.11920190579482699,0.10390006345130105,0.35119003423190714,0.9191758092351278,0.8327850530299713,0.7677542810184639,0.5139121836817524
0.7905592896017803,0.1578627232983143,0.1100827628921795,0.10825568781338649,0.4055203006250921,1.0708731446648112,1.0578818446805658,0.891670458885779,0.6581992684598271
0.6251791405813463,0.16908107776268794,0.1031626505346009,0.10681965293318677,0.3583403356801703,0.8384769643677878,0.9288088334970616,0.7453153121590825,0.5396973803975166
0.6765902095420436,0.15066709474292816,0.09874443524879173,0.09812389061605617,0.35915883247670016,0.9116524918983548,1.086887597842682,0.8441682453257614,0.5136551236137955
0.7367226661314281,0.16659095136682206,0.11107522880980765,0.10087265149087021,0.4052271202294773,1.0650198575477432,1.1559775131809558,0.9667665705012035,0.5751338042915759
0.6229986240640588,0.160944474075853,0.09762168402019036,0.09598303984705876,0.34844215977718174,0.9170027380748056,0.9882000497333646,0.8543867594957392,0.5194858987825752
0.7032857269199909,0.14901138510246417,0.10935475232616357,0.10171373133202041,0.3776703421876029,0.9880327335485442,1.0437090872438801,0.8805650208481673,0.5999588385306546
0.5904298127431281,0.15391493564802522,0.08128564144603362,0.10143099210755283,0.3470254148248499,0.9640222264947611,1.0009235963986884,0.8937815071757554,0.5301222409981128
0.7236736680395286,0.16764061241071476,0.09341764119152651,0.11084163265887373,0.38967283432826727,1.1852378165290234,1.0452678757646263,0.9390731761284768,0.6058650977347224
0.7184388354480719,0.16705861381042855,0.14552567478456357,0.10873154976905107,0.43658968605245724,1.04740237868024,1.130002952133577,1.0507298781529595,0.6044190444895925
0.7700083188403596,0.16863228896867366,0.10103712136222998,0.10675173578667564,0.3977884841153785,1.0681673663917415,1.0366739257068511,0.9241995212205664,0.5659399197639222
0.6806732935323915,0.13439791237136375,0.11881653213726065,0.09141750399245628,0.3494589445399037,0.9908499275067265,0.9741742670231353,0.8062952670672728,0.5618863104672128
0.7018949442763631,0.14759620059931478,0.12437262702286672,0.10346888900711436,0.35940127149176,1.1094097434350052,1.166964852829293,1.083513824826417,0.6416160586736974
0.795744147720037,0.16760412131186428,0.1177116139672665,0.10998182269652755,0.44085601582111716,1.1106093568312683,1.2574208900071637,1.082758964626529,0.6265835312217753
0.7900930819458784,0.16816748300771278,0.15065825525696727,0.1176290274673935,0.4124656484329098,1.0338208894290841,1.2783582489215406,0.8889893317392696,0.6227439452893372
0.6449500133538353,0.14612336870929957,0.14267725430974879,0.09922615542056859,0.38771009511766213,0.9123062924783366,0.999579484739353,0.8190790542047813,0.5598992607983834
0.7701252395765321,0.15587621591545286,0.08418972600979976,0.09878691237504708,0.3857698260515695,1.0348517910407913,1.1552593791445478,1.023999014707841,0.6032755416392226
0.6259883776701566,0.13895345176778898,0.08025455193192586,0.09487615830320878,0.3399589250623619,0.921657088624456,0.969195515074706,0.8332866751577379,0.5473335390421726
0.7752226510146993,0.1453903535031566,0.09519168847216906,0.10100145422767466,0.3936420064104691,0.9750506675146721,1.2278885333917144,0.9419578494088354,0.6371748371065715
0.7196012150067269,0.15212406235229614,0.09585711280072441,0.10165850368687,0.3855409032330352,1.080296962726928,1.1835301276579235,0.9369015018997658,0.615594154113022
0.7620716600738624,0.19353109588173578,0.15613906205206893,0.12067198509184086,0.443103570635755,1.0794262309729736,1.107258486833922,0.9843745285876638,0.6062375918038397
0.666272300536789,0.14035763631720097,0.1189073441578702,0.09501935328035319,0.3758796942260465,0.8462070401703691,0.871045033197225,0.796802160171255,0.5096279202567363
0.7270233164429882,0.16796685290139257,0.0847931798237882,0.11002413156731791,0.38863716916725777,1.085930916338639,0.9684727139557718,0.8636008439704284,0.6366923400285234
0.7231425742015395,0.14615194630517303,0.10387683633136263,0.09748261263850569,0.3786716697893418,1.1786105959515043,1.0843547132449556,0.9618081173066895,0.5970195715557385
0.6261919012074818,0.1670908290801991,0.13747202753098467,0.10936004131839808,0.3745593041396837,0.9475375191073513,0.8671722755302811,0.7814190295004954,0.5825446619731905
0.6858639009262154,0.15373985672822324,0.1112594841111087,0.10357949394192091,0.4070822085860572,0.983587039465371,1.1814853285803226,0.825325616349898,0.5848962448336241
0.6946611708051624,0.14563854621563305,0.1533194803779014,0.09808373014932703,0.3889644453980448,1.0574529209236938,1.096100886823563,1.013250823411656,0.575673376821529
0.6446920587129229,0.1337548884166772,0.14561567801382,0.09720870191358807,0.352681689101312,0.9480879880600748,1.1033070213009637,0.8110423713562578,0.6100892570592849
0.5820370952583911,0.14160259533899894,0.07478841739339716,0.1055262980209888,0.36372763513626605,0.8182286877493081,0.9382925249881645,0.7284634915314744,0.5150750897816203
0.6924751439471482,0.1679598130641931,0.10431515479349553,0.10861665969767101,0.3755726386970596,0.9839144162247545,1.0842505306199024,0.8680396701143637,0.5402876578959477
0.8294242441922518,0.17195035172667963,0.1252248808952328,0.10845015429694246,0.41878442764215396,1.1554178932027137,1.3701018956883508,0.9924881983238287,0.6105978022066225
0.7012865940755024,0.15955451062261167,0.10864546561928687,0.1015082919928214,0.39316282385697526,1.0272765155851087,0.9730599803709462,0.9257858165641261,0.5279356246674044
0.7887182230552515,0.1396011131239597,0.2224442487270918,0.09703415163769874,0.4018348592843199,1.0726341683532312,1.1293508512289003,0.9121657312619043,0.6159272553009826
0.6876094619086103,0.12823086050949847,0.15716080135932495,0.09523784372407695,0.3822738575839133,0.9132892740121713,0.960077955024917,0.8671597332088394,0.5730734895167348
0.7184998622835903,0.1502717117071421,0.11703747240146394,0.10392273565031135,0.4132578842741471,0.9595731578242563,1.280741645522498,0.9051826752622375,0.589592032639606
0.6085159952968289,0.15984959899791176,0.09448108429273326,0.10870240244245784,0.3371627040576826,0.8449709065399742,0.9045677944444929,0.7528914378041691,0.5360759857678837
0.7751650829745783,0.16389078547314812,0.15116323023660402,0.10018263276743797,0.4295723012903787,0.9435747016019431,1.032089884393624,0.9381709371574106,0.6574740521919784
0.6636886327241757,0.171947855935926,0.11854078101037806,0.09933466631871651,0.36355402272654436,0.9727775109532528,0.9356842370463406,0.9477885539139753,0.5267861152582803
0.7730400000633896,0.14735727634279053,0.09097671049764,0.09796391888699359,0.4112566521328777,1.198362159322033,1.1628272766458214,1.158084035911432,0.6445881106791358
0.6322206823291199,0.1326114360109488,0.10574568126901365,0.09665985064051111,0.3432302599714556,0.9048863962428363,0.9237171795937591,0.944898360520156,0.5521535471612142
0.7555758154438529,0.16730263926373,0.12468016884333907,0.10220168013154479,0.4357378866590158,1.132336774302045,1.1158782261682925,0.9828150660031375,0.649811190018341
0.5960687011017433,0.14046233188055238,0.0872682702914279,0.09649460090983558,0.3434799860095087,0.8575059596335199,0.8376498620139137,0.9645916492011032,0.5465404040319001
0.7119573123976429,0.14264070519190844,0.08716938243182244,0.08710432884182684,0.351977723398697,0.9251549552438953,0.9902319774722144,0.9645172153518118,0.5826519042476344
0.6954741674344527,0.1674238074894854,0.1452241862216882,0.10651968514147113,0.36700230852618787,0.9620987393361952,1.1299758491590561,0.8475755129173721,0.5320495245233632
0.6417998781172997,0.14093498591890916,0.08543283005011207,0.09856474738080359,0.365902799807623,1.0515269810106584,0.9992258923321405,0.8835106400690116,0.5367679087128306
0.6643257417841165,0.13467883498439845,0.07609179511103979,0.09049197479377684,0.35127390758907484,0.9603115259121322,0.9380282573569748,0.8391991224870271,0.5872212787688629
0.7128865350052551,0.12273987717621462,0.08863846525041282,0.08908896176516042,0.38214631938777066,1.061788798999492,1.2070587935054706,0.9048687850604928,0.5379974113499976
0.6415418354027095,0.15976650107355495,0.0968049486579972,0.09480359818557817,0.33494961851024935,1.0047291472580662,0.837835661303391,0.7767585087195581,0.5225802896152153
0.585745348798853,0.1437510798857177,0.11341802003527487,0.10293104757241311,0.36199792515152873,0.7789701757119216,0.885116142679397,0.8242428159468091,0.5186185867414033
0.8141078813606266,0.13352727276805326,0.08122314624243793,0.10792885790146704,0.40953595321472275,1.0084056129231136,1.3310690692644112,1.0605616530071182,0.6287255519767854
0.7338238434111642,0.14811014742208362,0.0903543757029641,0.10348813653235923,0.406227584983317,0.9345882701229755,0.9072675802202937,0.8648217414835309,0.5589039389884767
0.628705664304797,0.15233653811964948,0.1122299603544051,0.0897349306979196,0.353526887724916,0.8731418929202213,0.9687832488604436,0.8657702881456733,0.5448333207133851
0.7829885008179149,0.17638899750713521,0.11516337892025569,0.1229569150739647,0.465764472622969,1.1192771839105504,1.1827299128451756,1.1310826168112673,0.6652253509140006
0.6797311740175263,0.14739278632048933,0.07191005132191775,0.10628099872907883,0.36967592334676114,0.9162201367279265,0.9836904685436948,0.8504316053429289,0.5325631879823526
0.6950767545235075,0.1652312815644732,0.15300895091226743,0.10450791080701675,0.4151544331816239,1.0705738281959876,1.0748852323147602,1.0118321782725304,0.6052478446309065
0.70667610448532,0.15612773415801778,0.10177554443553799,0.10890504109665951,0.42360726305541807,1.025086431476953,1.2059747127611005,1.0147233168963892,0.578011562918828
0.6373026291745364,0.14571418588859164,0.13726540315152416,0.10312392229259808,0.3587541431623865,0.8789298799197687,1.1145092366226006,0.8292633894871908,0.5705699952312823
0.6207782725915448,0.15530639162670237,0.060915990381369,0.10250967817735177,0.3516226837602065,0.9292665722468741,1.0053622455158087,0.8049505993892208,0.5537403341066931
0.6639769499291724,0.15987311025700537,0.09928196579733164,0.10658402896270071,0.3862793073298254,0.8794227765902678,0.9776243943962409,0.8536087679957899,0.6036093983550475
0.6142666291835318,0.15493663939171753,0.12330287514817037,0.1048953321995903,0.3614186263457482,0.9025547245116805,0.8416692638352778,0.7944051013500601,0.514735053869601
0.7402266592753001,0.1638192507323778,0.14618327931769579,0.10257825960455569,0.44949234404703126,1.1955137138734315,1.0885306652190285,1.120109591117261,0.6296249122856644
0.6469316077015441,0.1384887323625259,0.11672543490145583,0.0962150261118838,0.38856761515935306,0.9455999562840677,0.8857394568741546,0.840975434900477,0.5696155484602219
0.5889013908950921,0.16506516234595064,0.08858261569337916,0.10669882335598746,0.3723304433699944,0.9308153542555304,0.9036701359794538,0.7404769907538041,0.5043931685562815
0.8610494683355365,0.1635966880930459,0.08807282368685047,0.09184625937053313,0.44355582916430025,1.409635772200383,1.2727455633073048,1.0863862381308331,0.6464352819616239
0.6876231459380839,0.14574752107351674,0.13185757521628153,0.09919471391068789,0.38889354734202003,0.9711316786112362,1.046626574851313,0.8734011524219614,0.550498920112201
0.6345050035197222,0.1624059099697791,0.08450355706391734,0.09697124066937393,0.3755521074234591,0.9260046353372472,1.059705675724457,0.8338998045178299,0.5026652411998611
0.6890788777014337,0.14312383504156811,0.11013866128383533,0.09922021662973513,0.3626804666881706,1.0670169528139124,1.1064472858101504,0.8468481899649091,0.5609650993764213
0.7530721163576716,0.1605275685881861,0.08485236617237402,0.10900038140732692,0.40598302019202953,1.0495198204508362,1.2419433055495321,0.8869679610224542,0.5993417218105286
0.6503445026774416,0.14834453958480162,0.11843606709582585,0.11041357893883315,0.3485952642265026,1.001386319393021,1.115812640239079,0.9419188479631332,0.5633136941238274
0.6457687387608968,0.15841161807474552,0.08437660526032233,0.09838249653964613,0.33667267694262853,0.9570865164794244,1.0349125776295962,0.7879129853934995,0.5541720570622086
0.683174392055914,0.14240353804298714,0.07476787562617145,0.10442294907454545,0.3835353775232707,1.0648035676422472,1.1272962567601852,0.9664355054101365,0.5934842537141168
0.687945088947821,0.1319460855306864,0.10150927189239081,0.09305186555050517,0.3589670054883422,0.9619054401038207,0.9852614879665791,0.9327114814577082,0.5698394570935784
0.6853922758820717,0.1534434160182966,0.11655522680072089,0.10518338158169901,0.38800410174679273,0.9642972164011729,1.2194906103482004,0.9675331353736565,0.5564181075089337
0.6430593793934467,0.16757446370923118,0.08599273812705414,0.09566581070106783,0.33391854866899906,0.9125170867292524,1.0087703882037506,0.7664145949886503,0.5441104358682984
0.5556454172057869,0.13943451869063014,0.0993001136959439,0.09999052418441848,0.33299705863297824,0.8069380644963964,0.8879719467328725,0.7354148282965451,0.4777683383819157
0.7456677163990801,0.13947598148593612,0.09221702216159591,0.10271559486666848,0.40765241800060464,0.9217301019214712,0.9482273462503669,0.8275809824807442,0.5630735726808866
0.6010023193923392,0.13531813438751605,0.1085352613746698,0.09449615065448014,0.329104721486919,0.7683765830194907,0.9227298424249766,0.7057588241215973,0.501420143933647
0.7077973914004821,0.15144865817815134,0.1081073845549022,0.10056696022796888,0.37200013969160917,1.0299117066018062,1.1423680248332566,0.8872394312774053,0.528673677279723
0.8025328379907903,0.14242848295077973,0.1572692716021396,0.10411796340490126,0.39420015313683354,1.1819929396940771,1.2073774313345937,1.0713399643002675,0.6343803090648463
0.675995192671956,0.14956441572911372,0.09068062449962132,0.10118782532898331,0.3553314585723504,1.044560221499572,1.0025379022623517,0.8744126805635773,0.5873414327645595
0.6511218649178059,0.15856281876916872,0.11899157916843887,0.09687946871393234,0.3811318629599049,0.9090061473249997,1.0201678234668607,0.8388752287391661,0.5233252379259199
0.7209630946419507,0.16288648992456456,0.11321928296835651,0.1062322975332452,0.42742115845331924,0.9597526197482688,1.1667365615400547,0.9814025225165224,0.5842624326980664
0.8084082781202944,0.16036471471700478,0.1155732158061793,0.1060109483869926,0.4061385535575711,1.1587433149360986,1.113926090074527,1.08233584275462,0.7090002196783556
0.6440481477376179,0.16315127288533526,0.13006062081159978,0.11692399069734018,0.40235596259997314,0.9797176586888906,0.9935342840442731,0.8964688667805084,0.5748465890171606
0.6006370218574572,0.1492551205422302,0.11185849247354832,0.10416971517067884,0.3896877537115921,0.953483717912576,0.971955644229937,1.000757585571326,0.5758686231817186
0.6018840910971978,0.13366652117084635,0.1104515253282506,0.0954277259355705,0.34898706985645445,0.9207233638097387,0.9760090840082004,0.7912293593586549,0.5740947698979123
0.6143859805794117,0.13873855234484,0.08016712659043021,0.09674557041543906,0.33509185207189834,1.0096684121756407,1.214098815789688,0.876926084233559,0.4992926891541488
0.5920299106017951,0.14596134044828077,0.10972287761695919,0.09968723407217897,0.3871040065067512,0.8730904740636076,1.0194535197800143,0.862697926520401,0.538241713594325
0.7151347031018135,0.12963397257747433,0.12154990430139712,0.09623147170853509,0.37840444762515124,0.968859403908636,1.051438617435352,0.892017011875058,0.603161186663804
0.6764368755299153,0.15457742736669464,0.10270807861547297,0.10695619454573001,0.3829029488703946,0.9211396357762244,1.0751986687690325,0.9378369371898211,0.5387272594312668
0.8802338451580203,0.1467476944556784,0.08365526016666988,0.096664136862736,0.42665571896349996,1.2423139257401385,1.263797625151293,1.0456243338117706,0.6985269770437973
0.856649385373847,0.14408886155076717,0.13985336900341083,0.0960929722382325,0.436081740120859,1.2023582635295038,1.195502208796516,1.0299854136366788,0.6459126162196566
0.7026005556386954,0.13090900351291448,0.10915337460143698,0.09097196501389883,0.36407231075954527,0.9216607250737242,0.9328882560501072,0.8440132159404895,0.5593008142047767
0.601520680969469,0.14891810086426416,0.14477811486422187,0.0989833048216291,0.34570132699559697,0.8110078508398183,0.9718477521628829,0.8707351203192931,0.5283055154578751
0.807260571532515,0.1660485697976995,0.12036273364798075,0.11431003511590997,0.4146590799231082,1.0058511039102302,1.2538619874313228,0.9723148085151657,0.6316147736174921
0.6741522165297523,0.13982071961798115,0.1414740713814079,0.10555687490084084,0.35285682093093856,0.9270488835182488,0.9995580379995496,0.8792110320020705,0.5223654857927282
0.7868036350379038,0.1573003736222725,0.10117304088676923,0.09873981464961888,0.3743729314848589,1.0089312432328639,0.9917511873568482,0.8968825720216171,0.598841495288418
0.6758090191641847,0.14497711183593148,0.1145305632921927,0.10393933834568375,0.371325042703037,0.8541275806580522,1.0078472057653622,0.843092800666535,0.5656537228283252
0.7742381374905838,0.15875359186605992,0.10639305284574234,0.10592247160187682,0.39979775238754384,1.0545444747950972,1.2054412538828652,0.9988419097299203,0.6171841576571127
0.7538892025849872,0.1326851676995603,0.1097645215970795,0.09532765458742577,0.3865074933636824,1.0018911082434283,1.1524903241115474,0.8758713937604934,0.5977577080268118
0.8067157411870121,0.15917417310166632,0.08694603111797411,0.10641809121857486,0.42631659470443467,1.2005419031025442,1.3218472370800103,0.9901225950330041,0.6132897806135303
0.5946899232763277,0.15320200540774806,0.08368568168904872,0.09279813680568981,0.3343739908144634,0.8390586947584884,0.8451952109647283,0.812377966431335,0.49591322984856284
0.709243164461112,0.14952818734775516,0.10401023409313587,0.10315370548784,0.3766507872313017,0.9593212004882729,1.0147372364424867,0.8680095666568698,0.583949304373209
0.6872466178477469,0.14632987991844046,0.08078456881301856,0.10324850635531461,0.4188662322015659,0.9287403021115361,1.1838153869983246,0.8965003407209966,0.5840506775551755
0.7348487734411747,0.15350933316214638,0.08354382295743808,0.09565650409278478,0.391904704140164,1.2229414510530185,1.0725058251127948,0.9056172141929625,0.5936533852656256
0.5909087181285654,0.13178228108351042,0.09514761905291343,0.09339472663275802,0.3509751415831583,0.8373145994292486,0.7991542747513123,0.7246581023655104,0.5362234688950742
0.6928420408744653,0.15110422089746553,0.07692720197210866,0.0925040219221391,0.3431879899636895,0.9861375001503524,1.0810940858635971,0.8756176573957533,0.5712417444928432
0.7273977968476737,0.14894837805302033,0.08455876381630081,0.09622829332546226,0.35941796080333266,1.0088114121957081,1.3024621919089179,0.8838785964715682,0.5943318983972524
0.5905993771957204,0.13182364728339765,0.10436376259629093,0.0910476786179918,0.34724733078139525,0.8732103595370326,0.8502296074036882,0.7718812303403286,0.530462188856039
0.7268202607524784,0.13907419252769693,0.12247783795252004,0.10188625833774824,0.3952616145778719,1.0861412685144707,1.3056409280310726,0.8764688079318051,0.591414514697746
0.8162511925997744,0.1970789621362413,0.13186238791673618,0.11419341565390918,0.447216492284538,1.2116161029813086,1.0672576027592675,1.106623170070554,0.6905181628346829
0.6864807288814839,0.14079909464255377,0.1125096374819336,0.10043179424342415,0.37226648090842135,0.9549107373771519,1.0677897250218389,0.8977782316485402,0.5920407908791244
0.6956710852177017,0.1599571724444419,0.11586127392487709,0.11183884588162964,0.4271008536948205,1.0542243860090288,1.0903603164202433,0.970063888646873,0.5560101393010428
0.5803798632427973,0.14107732031819217,0.12708120385473762,0.09553346895077512,0.34803110912844554,0.8122442927469464,0.9223295303957184,0.7572946786201774,0.5009938742587434
0.6764621882327287,0.15424208248748858,0.1116193116230407,0.10740565058148112,0.37878724585872003,1.0242275690211298,1.226118554556419,0.8613166127149147,0.579299979256432
0.6774496201537326,0.15132803444404333,0.12892144222588733,0.10177720596117502,0.3873321287914801,0.9730921841800587,0.9385731237390382,0.9021295378808354,0.5604134401791437
0.595767429497169,0.16161990534853768,0.08027062444437273,0.10798295128798208,0.3407410327750769,0.9299996714734976,0.7663556425472992,0.8123560241373702,0.49813596484462247
0.7002987203364147,0.1675381808756183,0.10077285922722833,0.10399779363013022,0.37019370936496826,0.9736672246367688,1.0687155686982932,0.8243517854142504,0.6071963271285205
0.7720519724010229,0.12866089147119925,0.11633484945202956,0.09749861418938895,0.401094682229171,1.0387273917911988,1.159190132154101,0.9453087932834979,0.596373882766207
0.6918960139009962,0.14931905772005558,0.17374086108057815,0.10241431898066553,0.3580209606564119,1.058986893501122,1.2315537971706332,0.8998009473475923,0.5952546997912028
0.7644797190371333,0.15642802203030048,0.0835775999342936,0.1047389047911756,0.3930861135827498,1.115023102530347,1.152353456956417,0.8957236153939863,0.6493093906456472
0.8545467755015937,0.1541510432191349,0.142095707498317,0.10356479177977666,0.4374868121254455,1.2686827808710464,1.342953631655652,1.0215359675193276,0.6641312181968592
0.6402663847561181,0.14311658237755118,0.09420415391522267,0.09425638968667165,0.3425976064206406,0.8460365730012219,0.9505207228032244,0.7090729242884722,0.5124851793009219
0.7391414177452944,0.1421542292697026,0.08301392406372285,0.09514336103313034,0.3327938575607881,0.8874893017445515,0.8991014741827655,0.7251168476109795,0.5798887401615443
0.6780748429590858,0.14664122853042255,0.08166102832462405,0.10515298177787662,0.39682995068678123,1.0835312722005894,1.0071545948868688,0.8710979449672701,0.5762092898776408
0.6779100207320204,0.16959660906597962,0.08234867637943263,0.11409311798176337,0.4207890871909683,1.019001896859544,1.0006693549414734,0.8621850581159995,0.5879965850180063
0.6933790593903885,0.17648151708931764,0.10286967508394142,0.0998329860659018,0.37107130028935026,0.884477012495728,0.9684405559366654,0.8895265016605703,0.5574779802877929
0.8731455074826242,0.15761933717143706,0.11606473496161968,0.09599471312660507,0.3983034716484219,1.1623998853905724,0.9655124980220676,0.9458574808615159,0.668542228322457
0.8352771587307635,0.16254365759880446,0.1190985786708625,0.0990740623262481,0.41447725613225384,1.2519223850343373,1.2978686231551273,1.0869322833919908,0.6690589797881868
0.6616833303008837,0.1456579192966186,0.0990150835531638,0.10159289667518707,0.33238401875817963,0.8338372329037844,0.9573623058662589,0.816186276762316,0.5836931792277881
0.7633088263946919,0.1450291195058511,0.08570834030155175,0.09968413987389355,0.41413582979590025,0.9990699286034688,1.1947708923888418,0.9478461794182559,0.6485644078189109
0.7359849424980329,0.1543193478593584,0.13867529157902608,0.10732097657688733,0.3841539897583672,0.9384507293290915,1.0594490368385743,0.8274806896389959,0.5905174543882253
0.7466787079687691,0.14729705040396057,0.09009705091591963,0.10051739954122782,0.42722188884242523,1.1443723626135007,1.1112282185426041,0.882485741603666,0.6373286627986603
0.7032279623113926,0.16825246740043506,0.13892319504056289,0.11534906991313723,0.4014444845680963,0.9798041483075912,1.0947056001977022,0.8079760072490804,0.5500357712270871
0.6980752045940095,0.1381502619999057,0.09164835590177882,0.09362288253110707,0.36523307646739384,0.9989388919336856,1.1917008100259145,0.830082079109668,0.5404983443553886
0.7683225074121041,0.15935560987222228,0.08541135170885603,0.09788936283329912,0.4216895257963182,1.3061970359903765,1.2739821541040752,1.0732773832651272,0.7049872542779244
0.7196767554245266,0.16078648092520464,0.076041747051776,0.10694263147411825,0.42620560566455135,1.0278662057021724,1.0510945644977425,1.002481693223726,0.5673601685083277
0.6245350662949309,0.14434516226898314,0.13392282675858264,0.10457596985313626,0.3404633578771574,0.8776109905273706,0.9924050800356183,0.8805161780014752,0.5302362744669736
0.7999265690651108,0.18143004474772487,0.08474796047665942,0.09838749394199603,0.39984573628667097,0.9927536016664795,1.2796383077907423,1.093992089074105,0.6571853793615323
0.7787943054459106,0.1496236166199605,0.12089904475446207,0.1058597540228617,0.3791023399791048,1.1261630011920478,1.058757638162941,1.0210960994322578,0.6220569955275
0.6593173593274212,0.13992264369341936,0.11782935693342113,0.09742882926378058,0.3620711297471928,0.9026183362985952,1.0500310997929294,0.8303195333781207,0.532809371842147
0.7930344729208445,0.1524403615016814,0.09785105024332112,0.10565451283079233,0.41421175521221754,0.9567571822564588,1.1142320794760197,0.873955121027016,0.6180554394932696
0.706392942293085,0.16646219819471672,0.11588108762204219,0.11230677990283731,0.42641999640673267,0.9252367867136664,1.0765471856631221,0.857322711095382,0.5848908505977256
0.7826175159065969,0.18796783923323981,0.0915888463926786,0.12109534052407961,0.44670303393327065,1.1722080459676893,1.2514498818886535,1.04476707238727,0.7149828549849232
0.6948182079407691,0.14493539084610038,0.14418020478107993,0.10741439911780196,0.3829166741277495,1.0717752421210336,1.2347686385580752,0.8535697435875681,0.5681335627505623
0.7974615116507494,0.14918751124399743,0.08283129867292775,0.09775763109838514,0.3633747455285064,1.1649211555540744,1.2376064577165022,0.9456791031559846,0.6112628379779995
0.7267869888048001,0.14932282029782012,0.10472143041052732,0.0961361292923859,0.4020638950568531,1.1561136734524633,1.1728155560677638,0.9528074231847624,0.630925198768723
0.677295988064052,0.13326887289199948,0.09006030761082418,0.09511111762145862,0.3689023638492093,1.0720820251145748,1.0708800887487648,0.977547874000584,0.5254356034675091
0.705119699893354,0.13629492283214809,0.09196458109136546,0.10033798344584012,0.3580688106587286,0.8899107386892412,1.0456040864297707,0.8467899120567817,0.51190030003103
0.6186372278552572,0.15780594853963895,0.14101794338371365,0.101631878941904,0.3672857858283621,0.9125736568416638,0.8989276454263831,0.7705896137499184,0.5436121831255621
0.7088033665832647,0.13392068804349477,0.11477959810982122,0.10480882554412087,0.3867384352964271,0.9474665818583529,1.0666679925037843,0.8960939905452784,0.5452843007047784
0.5915495520278884,0.1543164572149532,0.11137303161787798,0.10004919536733617,0.4191566612493149,0.8941713589589715,1.0826956058111157,0.7970441856133984,0.5216309048084076
0.7405361822696189,0.15680546459055522,0.09529153302787766,0.10461649585747321,0.4007806695793315,1.0657189549280357,1.0371509031447563,0.9591083566549075,0.6988974662152531
0.6661571949679326,0.1508441037862126,0.12370971212372102,0.10462106691428658,0.38629177819340255,0.9436029640466973,1.096283907515506,0.8669332548842993,0.5642037688363175
0.6789831406370979,0.16028626658313905,0.12157892161739434,0.10782690502448569,0.3820188126537738,1.0636380066656705,1.0410359488200893,0.8772537070103503,0.5686026313665826
0.7943391565644641,0.16341323985832248,0.10981600849214421,0.10716774620041367,0.4158544260773418,1.1762454457787148,1.2256654572661352,1.0195990051983916,0.6104306646877257
0.7249746367397293,0.13881808996095504,0.07450031913999773,0.10324082183009281,0.36349774480684977,0.8997616929864256,0.9890846802908768,0.8398235370746588,0.5250382022503742
0.8217597404419272,0.1439202576280527,0.1154451963506244,0.09322374910376902,0.42911803435725376,1.2444869295146674,1.1603972703861178,1.0347464256696652,0.66189578556138
0.6427026796591285,0.1234668831135996,0.06177108195164019,0.08221185124007777,0.37168231996873363,1.0137294644993946,0.9152620611751695,0.9039567894122615,0.47698663734207475
0.6995826754532914,0.18049408569496095,0.15486813369347288,0.11714702405177699,0.44319575823137664,1.0372791581999268,1.0879022827511888,0.9290430791838733,0.6247518728742434
0.9013946711433571,0.15850250298395635,0.13843353231782904,0.1050644882707944,0.4444915485346282,1.1554331831817783,1.2440418643276627,1.0476566545837818,0.6941169764020194
0.6018904907646007,0.13301478364275504,0.09447775326711103,0.09484933458647936,0.3551573942503662,0.9533994096333066,0.9044105157572064,0.8918979355855343,0.5157000505592562
0.6108779029479927,0.13920101789371894,0.12355765559655865,0.0946897595255198,0.3630767204511062,0.9044527120681275,0.8189402621332809,0.8078724572814124,0.5142894273663156
0.7848164743273951,0.15401144510998915,0.09366625489469758,0.10812498254230389,0.44208831143682575,1.0934582540333064,1.2219053470297725,1.009332191593646,0.6453219877488741
0.9368143906755639,0.14378514439920473,0.11936644957382146,0.09974313964247607,0.43061356018028185,1.1203538328792468,1.4310446202397213,0.9993831224364698,0.642475863503614
0.7197009789420384,0.1508181946504325,0.12721881452572975,0.09942888723111616,0.3923924878499616,1.0721040646190574,1.2352104182470647,0.973169870442704,0.5729511528664917
0.7016743918387458,0.1517728621864487,0.15709034946171302,0.10124955239986674,0.38794662983190786,0.9986933557617692,1.1144682134878447,0.973512843852655,0.5879924126534125
0.703019245994714,0.1643873724633228,0.10319998837034508,0.100957904368986,0.40307984660588564,0.9202488124286154,0.9906951751827883,0.9347845998810672,0.5336279396291389
0.5669830637046631,0.15508306682939185,0.0949118223234978,0.11269488986437838,0.38905907759228786,0.8991035822423336,0.9650234017785072,0.7508242351120273,0.4925808483024443
0.6839844116267719,0.15960065777250843,0.08852740161648046,0.11167135563318446,0.4429033991278533,1.1078427661993133,1.079372520252073,0.943756129425051,0.61360243028812
0.778835476186828,0.1494883198048034,0.08507881036588662,0.09385180606521344,0.44671036064783615,1.1707248930966534,1.173382864652079,0.9942589664744145,0.7662539152954675
0.7139385672678437,0.13028168237587862,0.09531110076451749,0.09867066704627801,0.3575478102875864,0.9100315678601645,1.012310305121835,0.8789183983929332,0.6167130392720084
0.6182032306903424,0.1470166339585292,0.08572248625378283,0.10042753048303689,0.3460513446144826,0.950658355440554,0.8640676191884675,0.8172898466010372,0.5295150618237364
0.6300248475947078,0.15792983491396415,0.10681366163845192,0.10599956529177625,0.38548179739528526,0.887482302163857,0.9188068211454682,0.8193890710644661,0.5282716727873666
0.6618561307003731,0.15708410571183892,0.08940968745734106,0.10681569073723447,0.3700679069144623,0.8912216613190022,1.0818196302820273,0.896746888628298,0.5828955106509077
0.5621222509339195,0.14536111484175965,0.1132006569565352,0.09438487917020043,0.3516419963534129,0.9367046074013297,0.9198915378412913,0.8675155838441765,0.5054811248992347
0.6283479666536628,0.11887930880312847,0.11939250812534626,0.08551003832313799,0.3448830887494853,0.9294936016856267,0.9773746937719515,0.7591259554471944,0.533305990777895
0.6780168930127043,0.13442363865479648,0.10647803881223908,0.09969232443879093,0.3792892502735608,0.8630256946489423,1.017624899147585,0.8761516704018751,0.5761037429186159
0.7964179815333042,0.17542088999322267,0.10330756162272389,0.11707299153524908,0.45933370470033735,1.3657080152715522,1.4028494497124666,1.1478470803109728,0.7037193168346193
0.7103408504322606,0.13851405634731503,0.07820521850753802,0.09623324232802241,0.40459752494084966,1.0114339802633554,1.040651535860868,0.9220325229639397,0.5597430716102324
0.6824876243238494,0.1622200804988472,0.1191151873385302,0.10982570764855891,0.398811849883457,0.9579592453838547,1.0702877961969999,0.813858153406262,0.5712482036714105
0.7180816438971759,0.14061867179915422,0.11886788516291713,0.10258631719373777,0.36775322948705774,1.028089874912457,1.0398418596301755,0.9645365112955331,0.575288954057991
0.7137506033962009,0.15491971809152524,0.0856554441239724,0.10886975984165945,0.3531241513154523,1.0788171563123756,1.1008933344029885,0.9574215361457852,0.5795356266126793
0.7211140698811037,0.13530963400710846,0.1376847655754202,0.09913550816218665,0.3978733310901428,1.0269908191948636,1.027037188658678,0.8645982859934773,0.5957849274360222
0.6278931770666583,0.13101672649312204,0.0777236698465487,0.09507627942348323,0.3822042436240846,0.8875319095795589,1.0445032919491728,0.871444124687039,0.5859488339641785
0.6573322465412668,0.12459900345356416,0.10097243551983431,0.0957905721665313,0.3704955552872439,0.939174321977454,1.0964048050586312,0.8473037228817769,0.5294175948364309
0.6155877354700816,0.15792329647913952,0.09915888749532524,0.10333767570567785,0.38838254769106256,1.0143318592247668,1.149560162484773,0.8499475324919225,0.5459391954391585
0.6902588325830692,0.1696115393262925,0.12738823215992306,0.10853538477662698,0.42772866382743535,1.0479765031737989,1.1677437610719548,0.8787700531057807,0.6745491353756451
0.75749361511092,0.1659260303453297,0.10498586564440864,0.10542422398486859,0.46003857763930284,1.1767553039405694,1.0516721403569858,1.124867388021487,0.5915969430256154
0.6545696820368972,0.16256710942431418,0.11326548940161482,0.10933917520988619,0.38830570954396976,0.8599051275746658,1.0692210033273415,0.8641873919002915,0.524516442598648
0.6875316571436677,0.1439860783716183,0.093783185979754,0.0982369255473692,0.42040187217013103,0.971800335995573,1.1619978959676909,0.8646734255703316,0.567839430596565
0.6790185171995061,0.14162827560482671,0.07106405302560594,0.10123796646519326,0.36591955901646545,0.9306627887404515,0.98123011354556,0.7883026737232878,0.5674854350496967
0.6551211975238838,0.15774957128259853,0.12448494793882234,0.10099259788646191,0.4176523808847664,0.9751969896917951,1.0957678037672007,0.8898325784573493,0.5763783111752905
0.6321722557728395,0.14611099090096483,0.10267557699222815,0.10160242436286286,0.3239654393092509,0.977736127249086,0.8963260188048877,0.7774884200218202,0.5373860240183094
0.5248464046871797,0.14187531991585736,0.09253687164986747,0.09242205706868742,0.3133620749616024,0.7761921810827949,0.7786913333969399,0.7192467663835032,0.5095035936659316
0.5292242512263806,0.14978847818077626,0.09497006589876564,0.10314130235920428,0.3317860624977284,0.7496860229286425,0.8072013172059506,0.7520358950501891,0.4741242540849383
0.6372693108768033,0.1755445981918259,0.10486882521724386,0.10249957309619816,0.3543867977638509,0.8889349511428042,1.0787748198864642,0.8060244368191412,0.5170372113806054
0.7227691795284991,0.13587972088594816,0.1065476261863824,0.10116426527363495,0.34944093164140716,1.0371389065381453,1.096031826065051,0.9742828157961838,0.5612384167916399
0.752256405817179,0.14456557430555173,0.08858760071626462,0.0917703896792939,0.3589944553885502,0.9448627708246262,1.1015755343713232,0.8610539221694187,0.5703539231415399
0.7808858250039874,0.12694939050102197,0.10920416453289639,0.08696184246016184,0.36915297437899053,1.0720640672831327,1.1251512990430705,0.8617356354621221,0.6140844729369236
0.7667484702445145,0.1507871847335805,0.13367304756108117,0.10900506595289683,0.42638104360832585,1.1502025671513845,1.1899434117902936,1.1586296108262146,0.5873749413086627
0.6583902965427231,0.14283261483735074,0.12135938632504031,0.10067399433595697,0.41828685975444785,1.0451156734549834,1.2370287054162925,1.0347192489977368,0.58089204358729
0.6806755862184783,0.15581133621806212,0.14661310340288558,0.10182068172412569,0.3777615899595983,0.9196990810440451,1.0932054782720753,0.880434202250285,0.6051718112739345
0.7379937099607102,0.16387640808281584,0.109854174226316,0.10138050989563509,0.40183674051095725,0.9564048413113869,1.2133149724069832,0.9555504446718214,0.6421249366197478
0.7351912696753728,0.153298983049819,0.09272447048396815,0.10041689501623714,0.42884875917131493,0.9397913963926002,1.0125072965773099,0.9685304912471577,0.5720897939299487
0.6330940078379401,0.14330211601028187,0.11110710390470883,0.09924135988519399,0.37208729655254835,0.9227700793523297,0.9226929518516136,0.8578260359223026,0.5232609202006012
0.5226140753802939,0.15421372096687389,0.07371316752589954,0.08527997545467296,0.309597121611693,0.706204691878681,0.8436977528885563,0.6243030615995685,0.45185307651176765
0.5318377231885654,0.13114611942392812,0.10024148054916662,0.09628434754186642,0.345972772325392,0.7674203648857201,0.8298884007655097,0.689823991559639,0.4308129276130178
0.6991978681022333,0.1608904428666761,0.1117524294399859,0.11102298100916157,0.3892892723320654,1.0633092176482346,1.0501536327114653,0.8742988727283915,0.6003712121900381
0.8983734211044622,0.14871922939730348,0.08150109047655733,0.11042369518951767,0.4597635232383346,1.563000259649197,1.202762251374755,1.0594786041035638,0.6714157145078117
0.7360713841099953,0.17033083521706746,0.09426621283504587,0.10288287558158607,0.39737585501681644,1.029450726690349,1.1092812184589613,0.9207243870760534,0.5930383509151514
0.6556941549658503,0.15637505331354698,0.1034605494797416,0.10681759765548725,0.4081951950345982,0.9841228813330795,1.0540033322542202,0.8691100024532316,0.5965849263170212
0.6591359968748504,0.16750928511658103,0.09732674779736827,0.10198780772958733,0.3613544876821604,0.9409161437990268,0.9455149009403966,0.8550463960487477,0.5766480684525621
0.7722808797202314,0.12474016894041681,0.14303465689659212,0.09092325685656948,0.3672128478118695,1.0139605373247547,1.0706593988912205,0.8458679945001465,0.6571836326514754
0.7656251120351307,0.1672495678615837,0.1499201315869165,0.0999233754285068,0.36224349217807955,1.115304239660082,1.026510603743792,1.0416913154765224,0.5961442813445382
0.7479161052652792,0.15537975376269353,0.09067257081467359,0.09863155737688958,0.4263577116634268,1.2020985942013063,1.2995391308431823,1.1157267495503205,0.6409597264769863
0.6480522739820005,0.1561273209379287,0.09883028408645148,0.11080348908364544,0.3771498371399205,0.8700278314020433,1.0918607585542095,0.8448209248467765,0.5628011647295715
0.6713344572166898,0.16850338453088623,0.12514440491530993,0.10834639518719645,0.4181345955340146,0.9262122602650305,1.0678937108653048,0.776464639494363,0.5449050312909477
0.7662396164947657,0.13722568684624414,0.09510639478419944,0.09653550879572523,0.3833467913407015,1.0250768814016753,1.0964564146863818,0.8013554516593379,0.5819547211377244
0.6877431317794043,0.1560481689380598,0.10974507504663092,0.10166205720266099,0.40012898309809725,1.132432748042111,1.189592143249239,0.9605806240292857,0.5822822199646746
0.8120170935460648,0.15523318894994823,0.12332727076935979,0.10272719195987715,0.40001352687988373,1.155713646517381,1.2412612492270239,1.0356085255268865,0.6256837748780697
0.6697612167310097,0.14481750760523024,0.1732839359327543,0.10062275389913171,0.35686588882219833,1.0750128598068613,1.1128456418436186,0.822434393535166,0.5308243512101494
0.7069613602851449,0.14462806535253603,0.09821700063075453,0.10100707657375385,0.41581592613447,1.0435972459012586,1.0621910233630418,0.9991146061514959,0.519123731425474
0.792269950453124,0.17661083374223419,0.10231304256069332,0.09873007580160147,0.4147187699547912,1.1746469257511196,1.1584480374958768,1.028102151890812,0.6976595123798573
0.6723874728011723,0.14901078872762702,0.12101033140145222,0.10174277668485823,0.4013802254096542,0.9544824987151284,1.0171170365854867,0.8615924647541173,0.608454518470873
0.6878288643895928,0.14619761472215034,0.1643567640629431,0.10369649700845167,0.3664167713507991,1.0506689709596024,1.04364355015594,0.8885953277730925,0.5638822768426677
0.619224397634501,0.12744365182752057,0.09846972539705186,0.09812905293342447,0.35237907002091057,1.0024153478357531,1.016797204849043,0.8140884914654759,0.5116363529278701
0.6623499694525653,0.17067858826771234,0.15139824436100463,0.1058447687465399,0.39319008208907036,0.8656464956223638,1.0290181303266548,0.8187908722339089,0.57242911644516
0.784240839676918,0.12598569252105726,0.08547293933527891,0.09292926181850125,0.4119907038323269,1.1958818926763193,1.1640520195518953,0.9476837003737898,0.6507673042796152
0.6647294575251678,0.16934842152371482,0.11319767522423244,0.10287949332050382,0.3534741964789972,0.9139370023227146,0.8585213662932213,0.8741326271114851,0.5380565734947212
0.7573799128950626,0.1606875629522065,0.10563059672984142,0.10810547508925161,0.41134484524060233,1.1344426975803983,1.1018747607341455,0.9403109998261987,0.649622476042475
0.5940185811832724,0.1407177604071954,0.09448244966275056,0.0998637451225065,0.32718031472146253,0.9025782578313843,0.7888726530587384,0.8065853731609555,0.4771130792963974
0.5560014919855095,0.12612723420893693,0.08101898273091176,0.0925333463026473,0.3282849145736151,0.7159003833348447,0.8701382694212089,0.7097477248826667,0.48621672005699834
0.6003179334187734,0.14480353919805716,0.08167909859231022,0.10112574743684666,0.3849581487035375,0.9072935206559587,0.8808816360093763,0.8209123922617577,0.4922087931152785
0.7118739253400015,0.16376388544794454,0.12477111487033467,0.11150571423375671,0.4260304383540268,1.0100606384219877,1.1772176151689773,0.9222409558223712,0.6113280283913984
0.7171117873539924,0.15811016292474978,0.1100690585022831,0.1047258207739924,0.39989977432236345,0.9831804912498838,0.9944506418140102,0.8323295602736092,0.5901247249131049
0.6304793175653759,0.15780538867767574,0.0850878054132231,0.1115763205241522,0.4020871144124281,0.9378019287448207,1.0128913660202274,0.9118797738651007,0.5212848522299786
0.6782142033947365,0.1482068512768014,0.15463469413620637,0.10145786152590427,0.36497909029189446,0.9625564719897635,0.8751233452313428,0.8018673819074322,0.5313158304541759
0.7891891672112098,0.17535023167594715,0.1365773898323763,0.10743828228946467,0.41737352948533735,1.1006646500609492,1.0265514747762143,0.9588974333498576,0.6222522014886552
0.6662346732658654,0.1363489734349922,0.0862310019816291,0.09619242372471863,0.3462718767480571,0.9374526304440826,1.0750049025687003,0.8421546410269714,0.49224040460645024
0.8026169575127321,0.15956525713854122,0.1191944033779299,0.10414434049047205,0.44562528616966435,1.3513681664118775,1.2053382576010692,0.9887622477018525,0.6083688697621131
0.7150979701977115,0.13643633355992602,0.08695490934823108,0.08949440294152111,0.3771414785079428,0.9760159996360852,1.1573251932541244,1.073767089130342,0.6118459082621498
0.6959639662466031,0.1360207104314506,0.11719949124306221,0.09413331826207945,0.337182925997579,1.0259721521890197,0.9723661956421662,0.8420361404583913,0.5815181826895709
0.7412099817205928,0.15517295254104116,0.08095369441991711,0.10034653089673917,0.3956423263640413,0.9777154262512299,1.0373154194760357,0.9783250362750806,0.6206949576404186
0.6491323567885379,0.12770710405736138,0.0734114680985165,0.09645365664939988,0.35507487914360764,0.9733762463815966,0.9578603704618021,0.9085008251241496,0.6017433519156034
0.6385266757931669,0.16151207384599578,0.1303519470305139,0.10899940016324985,0.4196770518019161,1.0165707543514204,1.0961750786131355,0.9223995641375207,0.5265667460914684
0.8469135763158404,0.18026561248815096,0.1200023336500169,0.1141759269015604,0.44257917930438656,1.1236870459785,1.2642504819750697,1.013756346396998,0.7002899495459481
0.7214329127628252,0.1479882693230706,0.09052676113273805,0.09712612362055648,0.4071816964952154,1.053751990354665,1.083701423713553,0.9156255399843883,0.5945547292140992
0.7765261907333363,0.15363728285089157,0.08463460423796261,0.0995953706111707,0.46480590853730597,0.9787779908373375,1.1840004452971382,0.9822262754974846,0.6861271600238056
0.8020121395787884,0.17211929109112858,0.11195987063675399,0.10803635638260746,0.4410187912931953,1.2601622981731229,1.088399927986119,1.0149108400138709,0.6582704257452318
0.7187064292533397,0.16695541209041637,0.1265615860779693,0.10484360070984272,0.3945218528205449,1.0200358140854486,1.0663636753461243,0.9115092723524107,0.5749454696771312
0.792351625993733,0.13767998534590495,0.09379499396073304,0.09529504124320014,0.4013271444502171,1.1580493782899255,1.2250741412198596,0.9927833514999694,0.6259073393447071
0.7538390757715413,0.16907483738386075,0.11226139536167962,0.10250660439375352,0.38720523157048004,0.9980581513235446,1.1745318572986239,0.8359102688977519,0.5709785336431838
0.7127606754269888,0.16524988494596177,0.13127786937660116,0.10701093905498381,0.40616999748441424,0.9978120133199718,1.1974226122262015,1.0167226974170607,0.6049041309824331
0.621362313470033,0.15410041663701232,0.12637197386144883,0.11740478469405408,0.4158161232177902,0.9028352468540061,1.001703195922133,0.8931466590385131,0.5486412856590454
0.6268555521303086,0.13969981547984317,0.12675429574070857,0.10076957096670852,0.36283826806982566,0.9149239102788351,1.0543987740039822,0.8362779339968899,0.5085525768835498
0.6864997468361709,0.13896273058840872,0.09242004577795512,0.10462925737193207,0.36510793436302413,1.0717545370754344,1.0386522270118497,0.9291346060025387,0.564627738803169
0.5795002746059008,0.15181987972721211,0.1028889557562411,0.10060170933511664,0.3572580388151053,0.9190825008535803,0.9773733676252288,0.7789614265810809,0.5036558579202185
0.6253197890224315,0.15208837102425102,0.10941443192687893,0.0932119883192767,0.34097971127800725,0.9632562523707516,1.032741160649092,0.8064483696184773,0.5688295418121783
0.8039710956025778,0.15737978778159523,0.1164973976137351,0.10490331991286429,0.40114835138362376,1.1599001711920915,1.1129428698118786,0.9555219039771431,0.6078145483227504
0.5853732343973678,0.14046482388327894,0.09263187460202559,0.103359723305862,0.3680520472395203,0.8346854715592305,0.8323625144960655,0.8929737357376372,0.5219846474666858
0.6995324618349925,0.14448094649393114,0.0865509133839891,0.10006236445375488,0.3768232413329236,1.06546672177852,1.1539236102954809,0.8206446080348082,0.5173617360339257
0.6673326368427939,0.14435423324034208,0.12363252544295096,0.09513726618568204,0.3685289618488983,0.9370239633618572,0.9968164151879927,0.7268626964802963,0.5548738407896521
0.7377775484186216,0.1702225666517517,0.10827186242553169,0.10461002131201999,0.3808409185559155,1.042264657373535,1.2026659723827429,0.9305261858547201,0.6052290716700561
0.7771381583363605,0.1346417074393096,0.07670143815850883,0.09848507628835591,0.40342790163258047,1.0492905488504414,1.1202293372583683,0.8775845395703804,0.7154211542830481
0.6902276756148612,0.16061900937318627,0.09705314435318296,0.09922645938633429,0.37080922161699553,1.0223263567373002,1.1013183884990618,0.9745887671716694,0.6338103727522317
0.8469356955319014,0.14558507024468875,0.19855477854961368,0.10990461940080153,0.43420167562900863,1.2551423756790794,1.2982806666970286,1.060640078082314,0.7018134984705499
0.8500276269770366,0.15141607896868303,0.10155248225958187,0.10420012456618837,0.44787622189419735,1.1583915574091033,1.165007755204052,1.041877387212942,0.642155209630651
0.6660592846684203,0.1578048781129356,0.1521858523099583,0.10308028642360335,0.4137401867810617,1.0084375440084585,0.9997125450647874,1.0021772264269115,0.573436691242311
0.7683289320624948,0.15845522018704722,0.07044850928590514,0.09708871471346528,0.4223728657964293,1.0407635601827274,1.1304038594442938,0.9531987853063719,0.5684131820136039
0.50177876628381,0.16247459411850948,0.09645249594524925,0.09990098177877024,0.3400549230845837,0.6278013714080891,0.7165833257901009,0.669108716767178,0.44817080712469726
0.6656502576665276,0.15897025306044424,0.1365652108851957,0.10454070463189996,0.3795228091056597,0.8312949681334332,0.916201716957589,0.8043944750565183,0.5724949497515622
0.6354545249457972,0.14300038304203072,0.10847782575548193,0.09831245771227705,0.3649540133262216,0.8394571175782664,1.0610946704227757,0.7828957486826327,0.5501623565826729
0.688960047883497,0.15467251036779564,0.12192809203935916,0.10822951873382708,0.3872490584883601,0.983727574839214,0.9524902157686326,0.8729761421317871,0.5646352653626652
0.7405461728654668,0.15212511794786399,0.15751010808092927,0.11092635267195342,0.3992684764082378,1.0068826802393103,1.0676127150416057,0.8472057942944443,0.5794401430777579
0.7602213689904604,0.16000873129586635,0.0907468865755125,0.10627029415882755,0.44454319145434107,1.0213232181256382,1.0688867112523328,1.0280978093965072,0.6121436115473327
0.6391023251782537,0.1301280426852581,0.09523030148525183,0.08998369970486275,0.3552601297419729,0.9657488117276184,1.0852746224716527,0.8330090381003139,0.5393536352649705
0.865622889611299,0.1568098420585373,0.12363420386962487,0.09472397757603532,0.42142038157409656,1.276758843414575,1.1640758318541171,1.0232869333595804,0.6375115824480292
0.6782481024401142,0.14849917421534958,0.10954851126605565,0.0943276888754495,0.3880946782223297,0.9786049202257652,1.0374469761474854,0.8498280848242996,0.5915259160261357
0.8775355195441259,0.1526932247168726,0.07492647701960561,0.10041580485313847,0.42719174354113737,1.236120640820865,1.2987111829344333,0.9811620520778523,0.6783734426468395
0.6712106662070956,0.1659590436574476,0.09443014718511007,0.09051974536036742,0.38136429733478194,1.122697524340565,1.1015013065424195,0.9369036849222718,0.5808925354841726
0.6950904143307636,0.14108021946298258,0.1121929793490743,0.09588916556186992,0.3831568516811979,1.0983820369728894,1.0301148138862557,0.9422097297271694,0.5880659594078627
0.5524222024868582,0.13683895479534783,0.07945756085516853,0.08767938354896888,0.32710648693667277,0.8590364454622265,0.9259653429292847,0.774016337652844,0.45992488666949183
0.6242622118789304,0.14039426658941284,0.09700086840783816,0.10086159257535726,0.35655939974031536,0.8414319743767481,0.9076229660606838,0.7761710435667623,0.5431930918352288
0.6706965339499389,0.16118515998699284,0.15258441433493097,0.11105622477060943,0.37856815189528725,1.071626993377018,1.079028669986119,0.9474640559009886,0.6020332640470629
0.5869647839405691,0.13259466930584735,0.08100894667603549,0.09421535522550417,0.35304163296549723,0.8830649047088781,1.102399464674933,0.7313599666343377,0.4869076774695933
0.7745944226915685,0.1515162055470801,0.11404193699730701,0.09698910369853589,0.3835930635731096,1.2105535756810624,1.239917474891663,1.0106670613777882,0.6002534498422776
0.7002862685937457,0.16325497523584814,0.0808034210747683,0.10440892907904765,0.39945797050240056,1.0712847515259847,1.1145405611149852,0.9748302886121876,0.6166206971283557
0.6905814757340343,0.15183587647191113,0.1283623264272907,0.10126238150528362,0.41737934256750076,0.9873143964077624,1.03356750978911,0.81877392812492,0.5494867665620422
0.6803992548354072,0.14502467270104033,0.12253315675710576,0.09965538420248374,0.35115592552401725,1.0204570973558846,0.9734889728725602,0.8961868231509561,0.5311084563557874
0.645692528362008,0.16394562010145317,0.10588255593352033,0.10684355685781512,0.3759048522678766,0.9248855486979224,1.0524438678057926,0.8250567475370624,0.5315810579957608
0.6603128025361678,0.14223917631761993,0.10151872766760765,0.09893732624968979,0.341753411098021,0.8975170475318563,0.9658618814049766,0.829988377406474,0.6047895430074912
0.7437654470170565,0.14120603240984214,0.07570572025683252,0.09439220554633804,0.36181133363444057,1.0074471759430814,1.014221025420913,0.9608233236306951,0.6009446850782765
0.5691764723440049,0.14388889197211513,0.07535284637694527,0.1018593913741121,0.3583805304550634,0.8484246181349713,0.872403391111195,0.777684158687414,0.49061053796292015
0.7009505192475224,0.1508795926613395,0.12851040224936588,0.10105419052957765,0.42575489105016784,1.1061489748061322,1.1469854712945071,0.9861487785309958,0.6100638196428757
0.6807497462788,0.13478590595255543,0.134304357995196,0.10530646374668146,0.36536493495045286,0.9738820834583409,0.9219040033781697,1.0184367409612982,0.5625841791856133
0.7475058041997502,0.15797751031975124,0.10743976054419369,0.1057559924311569,0.36084998811022956,0.9455267364788104,1.0544610880631968,0.7921099290690085,0.613495296137294
0.6281996166007539,0.13946501863784735,0.07749854509048332,0.0970936523914044,0.3892161121490294,0.8486875449771654,0.9363845884877257,0.7618100841669784,0.5201427109170011
0.6940039781048172,0.1385517636752241,0.11703551539608192,0.09388334036266366,0.351533586921469,0.9349154743288299,0.9111632222178915,0.8760030431896,0.6060348393190648
0.671036313084128,0.1550826937517207,0.07823425636973787,0.10670571654882885,0.3764253296299263,1.003744078695743,0.8880892859473387,0.9076782824143429,0.5569020983662052
0.6593775099787074,0.14676308741752916,0.10310065199493545,0.0900289202957096,0.3138341742550974,1.0017437265867983,1.0075052911475229,0.755636549222502,0.5556869785412971
0.6955046194882104,0.17574686741361278,0.09832797600886407,0.11270551044586978,0.3955378701451313,1.0152706309086512,1.1430633998798234,0.8492790133711611,0.555800917459081
0.7726808418675055,0.13044822716423837,0.1057994532181863,0.10146463603931977,0.39550065983019883,1.0080483038862935,1.2227539014232645,0.9520758593163732,0.6019616801931823
0.6422026340089847,0.17001057491512944,0.12778070684369802,0.10754181925751873,0.3419203637387501,0.8340110178355892,0.9989181982908966,0.7424585007552406,0.5475623288328126
0.9182784089597983,0.1500057783852086,0.1436606492820947,0.10179233757653458,0.4280795382502218,1.1701544923893061,1.1615857126837643,1.0911335995554687,0.6137786433247798
0.7896848168097786,0.18457966798387865,0.07180455544478319,0.12125333627941966,0.3965142463859784,1.0671786745661915,1.188820350951659,1.0058665650521161,0.6022483858299321
0.7938377108009617,0.1646822544087773,0.14623687770018282,0.10358102792942706,0.3753412230313419,1.0454255365834013,1.0981768370585974,1.0303163610607347,0.6726817321142196
1.0100574704317542,0.17472146268362204,0.12890600706633487,0.10276678156763343,0.4907215658180492,1.3725827749303647,1.3034578348492063,1.1006318743849255,0.8840217325571129
0.7664426295464334,0.17460247872978157,0.10950955815320408,0.11735522411600166,0.47326787226892475,1.1894353145681218,1.1014466679889943,1.090840324729695,0.6500149266925263
0.7888255107499361,0.15448553268170281,0.08012253443715679,0.10007463580850956,0.40867477794362833,1.0181380010980252,1.2633210842923293,1.1010011805527846,0.6351473419393018
0.7618798230800841,0.13100015587299046,0.09899677212953958,0.08968368783246466,0.4240948180269375,1.1856274737975436,1.3904711384578199,1.074706991655318,0.6336286393442474
0.7404856513804573,0.14531990900796557,0.1276940883910203,0.09848695305181682,0.43227965688876147,1.02960080537092,1.1797180608544742,0.9908232416158134,0.6098869224286741
0.708042154171138,0.14938642638811325,0.1380967633293839,0.09554854380462294,0.3759849346073837,0.8753203197327913,0.9996697648242437,0.8456253905708856,0.5568328107682212
